{
  "kind": "collectionType",
  "collectionName": "teachers",
  "info": {
    "singularName": "teacher",
    "pluralName": "teachers",
    "displayName": "Teacher",
    "description": ""
  },
  "options": {
    "draftAndPublish": true
  },
  "pluginOptions": {},
  "attributes": {
    "firstname": {
      "type": "string",
      "required": true
    },
    "lastname": {
      "type": "string",
      "required": true
    },
    "phoneNumber": {
      "type": "string",
      "required": true
    }
  }
}
