{
  "name": "Admin",
  "code": "strapi-editor",
  "description": "Admin can manage and publish contents including those of other users.",
  "permissions": [
    {
      "action": "plugin::upload.assets.copy-link",
      "subject": null,
      "properties": {},
      "conditions": [],
      "actionParameters": null
    },
    {
      "action": "plugin::upload.assets.create",
      "subject": null,
      "properties": {},
      "conditions": [],
      "actionParameters": null
    },
    {
      "action": "plugin::upload.assets.download",
      "subject": null,
      "properties": {},
      "conditions": [],
      "actionParameters": null
    },
    {
      "action": "plugin::upload.assets.update",
      "subject": null,
      "properties": {},
      "conditions": [],
      "actionParameters": null
    },
    {
      "action": "plugin::upload.configure-view",
      "subject": null,
      "properties": {},
      "conditions": [],
      "actionParameters": null
    },
    {
      "action": "plugin::upload.read",
      "subject": null,
      "properties": {},
      "conditions": [],
      "actionParameters": null
    }
  ]
}