{
  "name": "Author",
  "code": "strapi-author",
  "description": "Authors can manage the content they have created.",
  "permissions": [
    {
      "action": "plugin::upload.assets.copy-link",
      "subject": null,
      "properties": {},
      "conditions": [],
      "actionParameters": null
    },
    {
      "action": "plugin::upload.assets.create",
      "subject": null,
      "properties": {},
      "conditions": [],
      "actionParameters": null
    },
    {
      "action": "plugin::upload.assets.download",
      "subject": null,
      "properties": {},
      "conditions": [],
      "actionParameters": null
    },
    {
      "action": "plugin::upload.assets.update",
      "subject": null,
      "properties": {},
      "conditions": [
        "admin::is-creator"
      ],
      "actionParameters": null
    },
    {
      "action": "plugin::upload.configure-view",
      "subject": null,
      "properties": {},
      "conditions": [],
      "actionParameters": null
    },
    {
      "action": "plugin::upload.read",
      "subject": null,
      "properties": {},
      "conditions": [
        "admin::is-creator"
      ],
      "actionParameters": null
    }
  ]
}