{
  "name": "Super Admin",
  "code": "strapi-super-admin",
  "description": "Super Admins can access and manage all features and settings.",
  "permissions": [
    {
      "action": "plugin::content-manager.explorer.create",
      "subject": "api::class.class",
      "properties": {
        "fields": [
          "cycle",
          "etablissement",
          "eleves",
          "level",
          "letter"
        ]
      },
      "conditions": [],
      "actionParameters": {}
    },
    {
      "action": "plugin::content-manager.explorer.delete",
      "subject": "api::class.class",
      "properties": {},
      "conditions": [],
      "actionParameters": {}
    },
    {
      "action": "plugin::content-manager.explorer.read",
      "subject": "api::class.class",
      "properties": {
        "fields": [
          "cycle",
          "etablissement",
          "eleves",
          "level",
          "letter"
        ]
      },
      "conditions": [],
      "actionParameters": {}
    },
    {
      "action": "plugin::content-manager.explorer.update",
      "subject": "api::class.class",
      "properties": {
        "fields": [
          "cycle",
          "etablissement",
          "eleves",
          "level",
          "letter"
        ]
      },
      "conditions": [],
      "actionParameters": {}
    },
    {
      "action": "plugin::content-manager.explorer.create",
      "subject": "api::payment.payment",
      "properties": {
        "fields": [
          "monthOf",
          "isPaid",
          "eleve"
        ]
      },
      "conditions": [],
      "actionParameters": {}
    },
    {
      "action": "plugin::content-manager.explorer.delete",
      "subject": "api::payment.payment",
      "properties": {},
      "conditions": [],
      "actionParameters": {}
    },
    {
      "action": "plugin::content-manager.explorer.read",
      "subject": "api::payment.payment",
      "properties": {
        "fields": [
          "monthOf",
          "isPaid",
          "eleve"
        ]
      },
      "conditions": [],
      "actionParameters": {}
    },
    {
      "action": "plugin::content-manager.explorer.update",
      "subject": "api::payment.payment",
      "properties": {
        "fields": [
          "monthOf",
          "isPaid",
          "eleve"
        ]
      },
      "conditions": [],
      "actionParameters": {}
    },
    {
      "action": "plugin::content-manager.explorer.create",
      "subject": "api::school.school",
      "properties": {
        "fields": [
          "name",
          "classes",
          "etablissement",
          "etablissements",
          "cashier",
          "responsible",
          "type"
        ]
      },
      "conditions": [],
      "actionParameters": {}
    },
    {
      "action": "plugin::content-manager.explorer.delete",
      "subject": "api::school.school",
      "properties": {},
      "conditions": [],
      "actionParameters": {}
    },
    {
      "action": "plugin::content-manager.explorer.publish",
      "subject": "api::school.school",
      "properties": {},
      "conditions": [],
      "actionParameters": {}
    },
    {
      "action": "plugin::content-manager.explorer.read",
      "subject": "api::school.school",
      "properties": {
        "fields": [
          "name",
          "classes",
          "etablissement",
          "etablissements",
          "cashier",
          "responsible",
          "type"
        ]
      },
      "conditions": [],
      "actionParameters": {}
    },
    {
      "action": "plugin::content-manager.explorer.update",
      "subject": "api::school.school",
      "properties": {
        "fields": [
          "name",
          "classes",
          "etablissement",
          "etablissements",
          "cashier",
          "responsible",
          "type"
        ]
      },
      "conditions": [],
      "actionParameters": {}
    },
    {
      "action": "plugin::content-manager.explorer.create",
      "subject": "api::student.student",
      "properties": {
        "fields": [
          "firstname",
          "lastname",
          "gender",
          "dateOfBirth",
          "birthPlace",
          "tutorFirstname",
          "tutorLastname",
          "tutorPhoneNumber",
          "classe",
          "type",
          "socialStatus",
          "registrationComment",
          "payments"
        ]
      },
      "conditions": [],
      "actionParameters": {}
    },
    {
      "action": "plugin::content-manager.explorer.delete",
      "subject": "api::student.student",
      "properties": {},
      "conditions": [],
      "actionParameters": {}
    },
    {
      "action": "plugin::content-manager.explorer.read",
      "subject": "api::student.student",
      "properties": {
        "fields": [
          "firstname",
          "lastname",
          "gender",
          "dateOfBirth",
          "birthPlace",
          "tutorFirstname",
          "tutorLastname",
          "tutorPhoneNumber",
          "classe",
          "type",
          "socialStatus",
          "registrationComment",
          "payments"
        ]
      },
      "conditions": [],
      "actionParameters": {}
    },
    {
      "action": "plugin::content-manager.explorer.update",
      "subject": "api::student.student",
      "properties": {
        "fields": [
          "firstname",
          "lastname",
          "gender",
          "dateOfBirth",
          "birthPlace",
          "tutorFirstname",
          "tutorLastname",
          "tutorPhoneNumber",
          "classe",
          "type",
          "socialStatus",
          "registrationComment",
          "payments"
        ]
      },
      "conditions": [],
      "actionParameters": {}
    },
    {
      "action": "plugin::content-manager.explorer.create",
      "subject": "api::subject.subject",
      "properties": {
        "fields": [
          "subjectname",
          "hourlyQuantity",
          "hourlyRate",
          "salaireStatus"
        ]
      },
      "conditions": [],
      "actionParameters": {}
    },
    {
      "action": "plugin::content-manager.explorer.delete",
      "subject": "api::subject.subject",
      "properties": {},
      "conditions": [],
      "actionParameters": {}
    },
    {
      "action": "plugin::content-manager.explorer.publish",
      "subject": "api::subject.subject",
      "properties": {},
      "conditions": [],
      "actionParameters": {}
    },
    {
      "action": "plugin::content-manager.explorer.read",
      "subject": "api::subject.subject",
      "properties": {
        "fields": [
          "subjectname",
          "hourlyQuantity",
          "hourlyRate",
          "salaireStatus"
        ]
      },
      "conditions": [],
      "actionParameters": {}
    },
    {
      "action": "plugin::content-manager.explorer.update",
      "subject": "api::subject.subject",
      "properties": {
        "fields": [
          "subjectname",
          "hourlyQuantity",
          "hourlyRate",
          "salaireStatus"
        ]
      },
      "conditions": [],
      "actionParameters": {}
    },
    {
      "action": "plugin::content-manager.explorer.create",
      "subject": "api::teacher.teacher",
      "properties": {
        "fields": [
          "firstname",
          "lastname",
          "phoneNumber"
        ]
      },
      "conditions": [],
      "actionParameters": {}
    },
    {
      "action": "plugin::content-manager.explorer.delete",
      "subject": "api::teacher.teacher",
      "properties": {},
      "conditions": [],
      "actionParameters": {}
    },
    {
      "action": "plugin::content-manager.explorer.publish",
      "subject": "api::teacher.teacher",
      "properties": {},
      "conditions": [],
      "actionParameters": {}
    },
    {
      "action": "plugin::content-manager.explorer.read",
      "subject": "api::teacher.teacher",
      "properties": {
        "fields": [
          "firstname",
          "lastname",
          "phoneNumber"
        ]
      },
      "conditions": [],
      "actionParameters": {}
    },
    {
      "action": "plugin::content-manager.explorer.update",
      "subject": "api::teacher.teacher",
      "properties": {
        "fields": [
          "firstname",
          "lastname",
          "phoneNumber"
        ]
      },
      "conditions": [],
      "actionParameters": {}
    },
    {
      "action": "admin::api-tokens.access",
      "subject": null,
      "properties": {},
      "conditions": [],
      "actionParameters": {}
    },
    {
      "action": "admin::api-tokens.create",
      "subject": null,
      "properties": {},
      "conditions": [],
      "actionParameters": {}
    },
    {
      "action": "admin::api-tokens.delete",
      "subject": null,
      "properties": {},
      "conditions": [],
      "actionParameters": {}
    },
    {
      "action": "admin::api-tokens.read",
      "subject": null,
      "properties": {},
      "conditions": [],
      "actionParameters": {}
    },
    {
      "action": "admin::api-tokens.regenerate",
      "subject": null,
      "properties": {},
      "conditions": [],
      "actionParameters": {}
    },
    {
      "action": "admin::api-tokens.update",
      "subject": null,
      "properties": {},
      "conditions": [],
      "actionParameters": {}
    },
    {
      "action": "admin::marketplace.read",
      "subject": null,
      "properties": {},
      "conditions": [],
      "actionParameters": {}
    },
    {
      "action": "admin::project-settings.read",
      "subject": null,
      "properties": {},
      "conditions": [],
      "actionParameters": {}
    },
    {
      "action": "admin::project-settings.update",
      "subject": null,
      "properties": {},
      "conditions": [],
      "actionParameters": {}
    },
    {
      "action": "admin::roles.create",
      "subject": null,
      "properties": {},
      "conditions": [],
      "actionParameters": {}
    },
    {
      "action": "admin::roles.delete",
      "subject": null,
      "properties": {},
      "conditions": [],
      "actionParameters": {}
    },
    {
      "action": "admin::roles.read",
      "subject": null,
      "properties": {},
      "conditions": [],
      "actionParameters": {}
    },
    {
      "action": "admin::roles.update",
      "subject": null,
      "properties": {},
      "conditions": [],
      "actionParameters": {}
    },
    {
      "action": "admin::transfer.tokens.access",
      "subject": null,
      "properties": {},
      "conditions": [],
      "actionParameters": {}
    },
    {
      "action": "admin::transfer.tokens.create",
      "subject": null,
      "properties": {},
      "conditions": [],
      "actionParameters": {}
    },
    {
      "action": "admin::transfer.tokens.delete",
      "subject": null,
      "properties": {},
      "conditions": [],
      "actionParameters": {}
    },
    {
      "action": "admin::transfer.tokens.read",
      "subject": null,
      "properties": {},
      "conditions": [],
      "actionParameters": {}
    },
    {
      "action": "admin::transfer.tokens.regenerate",
      "subject": null,
      "properties": {},
      "conditions": [],
      "actionParameters": {}
    },
    {
      "action": "admin::transfer.tokens.update",
      "subject": null,
      "properties": {},
      "conditions": [],
      "actionParameters": {}
    },
    {
      "action": "admin::users.create",
      "subject": null,
      "properties": {},
      "conditions": [],
      "actionParameters": {}
    },
    {
      "action": "admin::users.delete",
      "subject": null,
      "properties": {},
      "conditions": [],
      "actionParameters": {}
    },
    {
      "action": "admin::users.read",
      "subject": null,
      "properties": {},
      "conditions": [],
      "actionParameters": {}
    },
    {
      "action": "admin::users.update",
      "subject": null,
      "properties": {},
      "conditions": [],
      "actionParameters": {}
    },
    {
      "action": "admin::webhooks.create",
      "subject": null,
      "properties": {},
      "conditions": [],
      "actionParameters": {}
    },
    {
      "action": "admin::webhooks.delete",
      "subject": null,
      "properties": {},
      "conditions": [],
      "actionParameters": {}
    },
    {
      "action": "admin::webhooks.read",
      "subject": null,
      "properties": {},
      "conditions": [],
      "actionParameters": {}
    },
    {
      "action": "admin::webhooks.update",
      "subject": null,
      "properties": {},
      "conditions": [],
      "actionParameters": {}
    },
    {
      "action": "plugin::config-sync.menu-link",
      "subject": null,
      "properties": {},
      "conditions": [],
      "actionParameters": {}
    },
    {
      "action": "plugin::config-sync.settings.read",
      "subject": null,
      "properties": {},
      "conditions": [],
      "actionParameters": {}
    },
    {
      "action": "plugin::content-manager.collection-types.configure-view",
      "subject": null,
      "properties": {},
      "conditions": [],
      "actionParameters": {}
    },
    {
      "action": "plugin::content-manager.components.configure-layout",
      "subject": null,
      "properties": {},
      "conditions": [],
      "actionParameters": {}
    },
    {
      "action": "plugin::content-manager.explorer.create",
      "subject": "plugin::users-permissions.user",
      "properties": {
        "fields": [
          "username",
          "email",
          "provider",
          "password",
          "resetPasswordToken",
          "confirmationToken",
          "confirmed",
          "blocked",
          "role",
          "firstname",
          "lastname",
          "etablissement_cashier",
          "etablissement_responsible"
        ]
      },
      "conditions": [],
      "actionParameters": {}
    },
    {
      "action": "plugin::content-manager.explorer.delete",
      "subject": "plugin::users-permissions.user",
      "properties": {},
      "conditions": [],
      "actionParameters": {}
    },
    {
      "action": "plugin::content-manager.explorer.read",
      "subject": "plugin::users-permissions.user",
      "properties": {
        "fields": [
          "username",
          "email",
          "provider",
          "password",
          "resetPasswordToken",
          "confirmationToken",
          "confirmed",
          "blocked",
          "role",
          "firstname",
          "lastname",
          "etablissement_cashier",
          "etablissement_responsible"
        ]
      },
      "conditions": [],
      "actionParameters": {}
    },
    {
      "action": "plugin::content-manager.explorer.update",
      "subject": "plugin::users-permissions.user",
      "properties": {
        "fields": [
          "username",
          "email",
          "provider",
          "password",
          "resetPasswordToken",
          "confirmationToken",
          "confirmed",
          "blocked",
          "role",
          "firstname",
          "lastname",
          "etablissement_cashier",
          "etablissement_responsible"
        ]
      },
      "conditions": [],
      "actionParameters": {}
    },
    {
      "action": "plugin::content-manager.single-types.configure-view",
      "subject": null,
      "properties": {},
      "conditions": [],
      "actionParameters": {}
    },
    {
      "action": "plugin::content-type-builder.read",
      "subject": null,
      "properties": {},
      "conditions": [],
      "actionParameters": {}
    },
    {
      "action": "plugin::documentation.read",
      "subject": null,
      "properties": {},
      "conditions": [],
      "actionParameters": {}
    },
    {
      "action": "plugin::documentation.settings.read",
      "subject": null,
      "properties": {},
      "conditions": [],
      "actionParameters": {}
    },
    {
      "action": "plugin::documentation.settings.regenerate",
      "subject": null,
      "properties": {},
      "conditions": [],
      "actionParameters": {}
    },
    {
      "action": "plugin::documentation.settings.update",
      "subject": null,
      "properties": {},
      "conditions": [],
      "actionParameters": {}
    },
    {
      "action": "plugin::email.settings.read",
      "subject": null,
      "properties": {},
      "conditions": [],
      "actionParameters": {}
    },
    {
      "action": "plugin::i18n.locale.create",
      "subject": null,
      "properties": {},
      "conditions": [],
      "actionParameters": {}
    },
    {
      "action": "plugin::i18n.locale.delete",
      "subject": null,
      "properties": {},
      "conditions": [],
      "actionParameters": {}
    },
    {
      "action": "plugin::i18n.locale.read",
      "subject": null,
      "properties": {},
      "conditions": [],
      "actionParameters": {}
    },
    {
      "action": "plugin::i18n.locale.update",
      "subject": null,
      "properties": {},
      "conditions": [],
      "actionParameters": {}
    },
    {
      "action": "plugin::import-export-entries.export",
      "subject": null,
      "properties": {},
      "conditions": [],
      "actionParameters": {}
    },
    {
      "action": "plugin::import-export-entries.import",
      "subject": null,
      "properties": {},
      "conditions": [],
      "actionParameters": {}
    },
    {
      "action": "plugin::upload.assets.copy-link",
      "subject": null,
      "properties": {},
      "conditions": [],
      "actionParameters": {}
    },
    {
      "action": "plugin::upload.assets.create",
      "subject": null,
      "properties": {},
      "conditions": [],
      "actionParameters": {}
    },
    {
      "action": "plugin::upload.assets.download",
      "subject": null,
      "properties": {},
      "conditions": [],
      "actionParameters": {}
    },
    {
      "action": "plugin::upload.assets.update",
      "subject": null,
      "properties": {},
      "conditions": [],
      "actionParameters": {}
    },
    {
      "action": "plugin::upload.configure-view",
      "subject": null,
      "properties": {},
      "conditions": [],
      "actionParameters": {}
    },
    {
      "action": "plugin::upload.read",
      "subject": null,
      "properties": {},
      "conditions": [],
      "actionParameters": {}
    },
    {
      "action": "plugin::upload.settings.read",
      "subject": null,
      "properties": {},
      "conditions": [],
      "actionParameters": {}
    },
    {
      "action": "plugin::users-permissions.advanced-settings.read",
      "subject": null,
      "properties": {},
      "conditions": [],
      "actionParameters": {}
    },
    {
      "action": "plugin::users-permissions.advanced-settings.update",
      "subject": null,
      "properties": {},
      "conditions": [],
      "actionParameters": {}
    },
    {
      "action": "plugin::users-permissions.email-templates.read",
      "subject": null,
      "properties": {},
      "conditions": [],
      "actionParameters": {}
    },
    {
      "action": "plugin::users-permissions.email-templates.update",
      "subject": null,
      "properties": {},
      "conditions": [],
      "actionParameters": {}
    },
    {
      "action": "plugin::users-permissions.providers.read",
      "subject": null,
      "properties": {},
      "conditions": [],
      "actionParameters": {}
    },
    {
      "action": "plugin::users-permissions.providers.update",
      "subject": null,
      "properties": {},
      "conditions": [],
      "actionParameters": {}
    },
    {
      "action": "plugin::users-permissions.roles.create",
      "subject": null,
      "properties": {},
      "conditions": [],
      "actionParameters": {}
    },
    {
      "action": "plugin::users-permissions.roles.delete",
      "subject": null,
      "properties": {},
      "conditions": [],
      "actionParameters": {}
    },
    {
      "action": "plugin::users-permissions.roles.read",
      "subject": null,
      "properties": {},
      "conditions": [],
      "actionParameters": {}
    },
    {
      "action": "plugin::users-permissions.roles.update",
      "subject": null,
      "properties": {},
      "conditions": [],
      "actionParameters": {}
    }
  ]
}