{
  "name": "Service Account",
  "description": "S.A",
  "type": "service_account",
  "permissions": [
    {
      "action": "api::class.class.create"
    },
    {
      "action": "api::class.class.find"
    },
    {
      "action": "api::class.class.findOne"
    },
    {
      "action": "api::class.class.update"
    },
    {
      "action": "api::payment.payment.find"
    },
    {
      "action": "api::payment.payment.findOne"
    },
    {
      "action": "api::school.school.create"
    },
    {
      "action": "api::school.school.find"
    },
    {
      "action": "api::school.school.findOne"
    },
    {
      "action": "api::school.school.update"
    },
    {
      "action": "api::student.student.create"
    },
    {
      "action": "api::student.student.find"
    },
    {
      "action": "api::student.student.findOne"
    },
    {
      "action": "api::student.student.update"
    },
    {
      "action": "api::subject.subject.create"
    },
    {
      "action": "api::subject.subject.find"
    },
    {
      "action": "api::subject.subject.findOne"
    },
    {
      "action": "api::subject.subject.update"
    },
    {
      "action": "api::teacher.teacher.create"
    },
    {
      "action": "api::teacher.teacher.find"
    },
    {
      "action": "api::teacher.teacher.findOne"
    },
    {
      "action": "api::teacher.teacher.update"
    },
    {
      "action": "plugin::users-permissions.auth.callback"
    },
    {
      "action": "plugin::users-permissions.auth.changePassword"
    },
    {
      "action": "plugin::users-permissions.auth.connect"
    },
    {
      "action": "plugin::users-permissions.auth.emailConfirmation"
    },
    {
      "action": "plugin::users-permissions.auth.forgotPassword"
    },
    {
      "action": "plugin::users-permissions.auth.register"
    },
    {
      "action": "plugin::users-permissions.auth.resetPassword"
    },
    {
      "action": "plugin::users-permissions.auth.sendEmailConfirmation"
    }
  ]
}