{
  "name": "Surveillant general",
  "description": "Surveillant general",
  "type": "surveillant_general",
  "permissions": [
    {
      "action": "api::class.class.create"
    },
    {
      "action": "api::class.class.find"
    },
    {
      "action": "api::class.class.findOne"
    },
    {
      "action": "api::payment.payment.find"
    },
    {
      "action": "api::school.school.find"
    },
    {
      "action": "api::school.school.findOne"
    },
    {
      "action": "api::student.student.create"
    },
    {
      "action": "api::student.student.find"
    },
    {
      "action": "api::student.student.findOne"
    },
    {
      "action": "plugin::users-permissions.role.find"
    },
    {
      "action": "plugin::users-permissions.role.findOne"
    },
    {
      "action": "plugin::users-permissions.user.find"
    },
    {
      "action": "plugin::users-permissions.user.me"
    }
  ]
}