{
  "name": "Secretaire General",
  "description": "S.G",
  "type": "secretaire_general",
  "permissions": [
    {
      "action": "api::class.class.find"
    },
    {
      "action": "api::class.class.findOne"
    },
    {
      "action": "api::school.school.create"
    },
    {
      "action": "api::school.school.delete"
    },
    {
      "action": "api::school.school.find"
    },
    {
      "action": "api::school.school.findOne"
    },
    {
      "action": "api::school.school.update"
    },
    {
      "action": "api::student.student.create"
    },
    {
      "action": "api::student.student.find"
    },
    {
      "action": "api::student.student.findOne"
    },
    {
      "action": "api::student.student.update"
    },
    {
      "action": "api::teacher.teacher.find"
    },
    {
      "action": "api::teacher.teacher.findOne"
    },
    {
      "action": "plugin::users-permissions.role.find"
    },
    {
      "action": "plugin::users-permissions.role.findOne"
    },
    {
      "action": "plugin::users-permissions.user.me"
    }
  ]
}