{
  "name": "Caissier",
  "description": "Caisser",
  "type": "caissier",
  "permissions": [
    {
      "action": "api::class.class.find"
    },
    {
      "action": "api::class.class.findOne"
    },
    {
      "action": "api::payment.payment.create"
    },
    {
      "action": "api::payment.payment.find"
    },
    {
      "action": "api::school.school.find"
    },
    {
      "action": "api::school.school.findOne"
    },
    {
      "action": "api::student.student.find"
    },
    {
      "action": "api::student.student.findOne"
    },
    {
      "action": "api::student.student.update"
    },
    {
      "action": "api::teacher.teacher.find"
    },
    {
      "action": "plugin::users-permissions.role.find"
    },
    {
      "action": "plugin::users-permissions.user.find"
    },
    {
      "action": "plugin::users-permissions.user.me"
    }
  ]
}