{
  "kind": "collectionType",
  "collectionName": "subjects",
  "info": {
    "singularName": "subject",
    "pluralName": "subjects",
    "displayName": "Subject",
    "description": ""
  },
  "options": {
    "draftAndPublish": true
  },
  "pluginOptions": {},
  "attributes": {
    "subjectname": {
      "type": "string",
      "required": true
    },
    "hourlyQuantity": {
      "type": "integer"
    },
    "hourlyRate": {
      "type": "integer"
    },
    "salaireStatus": {
      "type": "enumeration",
      "enum": [
        "Payé",
        "Impayé"
      ]
    }
  }
}
