{
  "kind": "collectionType",
  "collectionName": "payments",
  "info": {
    "singularName": "payment",
    "pluralName": "payments",
    "displayName": "Payment",
    "description": ""
  },
  "options": {
    "draftAndPublish": false
  },
  "pluginOptions": {},
  "attributes": {
    "monthOf": {
      "type": "date",
      "required": true
    },
    "isPaid": {
      "type": "boolean",
      "default": false,
      "required": true
    },
    "eleve": {
      "type": "relation",
      "relation": "manyToOne",
      "target": "api::student.student",
      "inversedBy": "payments"
    }
  }
}
